0,0.0,0.0,0.0375,0.030555555555555555,-0.0921875,0.2361111111111111,-0.08515625,0.027777777777777776,-0.046875,0.0,0.0,0.006944444444444444,0.03828125,0.03611111111111111,-0.103125,0.2611111111111111,-0.0875,0.016666666666666666,-0.04375,-0.008333333333333333,0.00703125,0.001388888888888889,0.046875,0.0375,-0.1328125,0.35694444444444445,-0.0984375,-0.025,-0.03515625,-0.08888888888888889,0.0375,-0.07222222222222222,0.1,0.0,-0.1453125,0.3680555555555556,-0.1,-0.03888888888888889,-0.0328125,-0.125,0.0515625,-0.10972222222222222,0.12578125,-0.016666666666666666,-0.1578125,0.3125,-0.08984375,-0.07916666666666666,-0.025,-0.1527777777777778,0.05078125,-0.1388888888888889,0.1296875,-0.041666666666666664,-0.1609375,0.30277777777777776,-0.09296875,-0.09166666666666666,-0.0265625,-0.1625,0.04765625,-0.15,0.1234375,-0.05555555555555555
0,0.0,0.0,0.0,0.0,0.51640625,0.6277777777777778,0.50234375,0.47638888888888886,0.53203125,0.45416666666666666,0.57578125,0.45416666666666666,0.6203125,0.4847222222222222,0.496875,0.6527777777777778,0.503125,0.4527777777777778,0.5359375,0.42083333333333334,0.58046875,0.43333333333333335,0.62578125,0.4638888888888889,0.48828125,0.6722222222222223,0.4984375,0.44722222222222224,0.534375,0.40555555555555556,0.584375,0.4152777777777778,0.63203125,0.4527777777777778,0.45,0.7541666666666667,0.48828125,0.37083333333333335,0.546875,0.3013888888888889,0.6171875,0.31805555555555554,0.69453125,0.39444444444444443,0.440625,0.775,0.49765625,0.3541666666666667,0.56328125,0.2722222222222222,0.64765625,0.28194444444444444,0.72578125,0.38333333333333336,0.43828125,0.775,0.49609375,0.35138888888888886,0.5625,0.26944444444444443,0.6453125,0.2861111111111111,0.72421875,0.3875
0,0.0,0.0,0.034375,0.0375,-0.0796875,0.19583333333333333,-0.08359375,0.016666666666666666,-0.04375,-0.013888888888888888,0.00234375,0.0,0.0375,0.044444444444444446,-0.090625,0.21666666666666667,-0.08359375,0.0125,-0.04140625,-0.018055555555555554,0.00390625,-0.004166666666666667,0.04140625,0.03611111111111111,-0.10234375,0.24027777777777778,-0.08359375,-0.001388888888888889,-0.0390625,-0.03611111111111111,0.01484375,-0.019444444444444445,0.059375,0.020833333333333332,-0.10234375,0.24444444444444444,-0.08359375,0.0,-0.03671875,-0.03611111111111111,0.015625,-0.016666666666666666,0.0625,0.016666666666666666,-0.1546875,0.3611111111111111,-0.1046875,-0.08888888888888889,-0.03203125,-0.16527777777777777,0.05,-0.14722222222222223,0.12578125,-0.04861111111111111,-0.171875,0.32916666666666666,-0.103125,-0.10416666666666667,-0.02890625,-0.18055555555555555,0.0484375,-0.1597222222222222,0.12578125,-0.06111111111111111
0,0.0,0.0,0.0375,0.041666666666666664,-0.06640625,0.1875,-0.0734375,0.008333333333333333,-0.03984375,-0.018055555555555554,0.00625,-0.001388888888888889,0.05,0.0375,-0.12109375,0.3527777777777778,-0.0828125,-0.07916666666666666,-0.01796875,-0.1597222222222222,0.0640625,-0.15138888888888888,0.128125,-0.06388888888888888,-0.13359375,0.38333333333333336,-0.096875,-0.08888888888888889,-0.0203125,-0.1875,0.0734375,-0.17777777777777778,0.15390625,-0.07916666666666666,-0.1390625,0.3763888888888889,-0.0984375,-0.0875,-0.01796875,-0.18611111111111112,0.0703125,-0.1763888888888889,0.153125,-0.07777777777777778,-0.14375,0.3625,-0.09609375,-0.09861111111111111,-0.01796875,-0.19027777777777777,0.0703125,-0.1763888888888889,0.15703125,-0.07777777777777778,-0.1453125,0.3236111111111111,-0.0921875,-0.13194444444444445,-0.01875,-0.22083333333333333,0.06328125,-0.20416666666666666,0.146875,-0.10138888888888889
0,0.0,0.0,0.04375,0.02361111111111111,-0.090625,0.21805555555555556,-0.08515625,0.015277777777777777,-0.04375,-0.015277777777777777,0.003125,-0.001388888888888889,0.0453125,0.029166666666666667,-0.09296875,0.24027777777777778,-0.0796875,0.0125,-0.034375,-0.019444444444444445,0.01875,-0.004166666666666667,0.059375,0.030555555555555555,-0.09375,0.2611111111111111,-0.07578125,0.002777777777777778,-0.025,-0.03194444444444444,0.03359375,-0.015277777777777777,0.07578125,0.029166666666666667,-0.0953125,0.2611111111111111,-0.075,0.001388888888888889,-0.0234375,-0.034722222222222224,0.034375,-0.015277777777777777,0.078125,0.02638888888888889,-0.1,0.2861111111111111,-0.071875,-0.009722222222222222,-0.01328125,-0.05555555555555555,0.05078125,-0.041666666666666664,0.10078125,0.0125,-0.1515625,0.3333333333333333,-0.08828125,-0.0875,-0.01171875,-0.175,0.0796875,-0.14722222222222223,0.15546875,-0.03611111111111111
0,0.0,0.0,0.0375,0.029166666666666667,-0.059375,0.17083333333333334,-0.0734375,0.020833333333333332,-0.040625,-0.004166666666666667,0.00078125,0.001388888888888889,0.0390625,0.027777777777777776,-0.0578125,0.17222222222222222,-0.071875,0.019444444444444445,-0.040625,-0.005555555555555556,0.00078125,-0.001388888888888889,0.040625,0.027777777777777776,-0.05546875,0.1763888888888889,-0.06796875,0.013888888888888888,-0.03671875,-0.018055555555555554,0.00703125,-0.009722222222222222,0.04921875,0.018055555555555554,-0.06015625,0.1763888888888889,-0.06875,0.0125,-0.03359375,-0.020833333333333332,0.0078125,-0.009722222222222222,0.046875,0.015277777777777777,-0.0796875,0.2263888888888889,-0.07578125,-0.05555555555555555,-0.02578125,-0.10138888888888889,0.03046875,-0.07916666666666666,0.08046875,-0.020833333333333332,-0.109375,0.3,-0.07578125,-0.1,-0.01171875,-0.17916666666666667,0.0640625,-0.1486111111111111,0.12578125,-0.05
0,0.0,0.0,0.0375,0.029166666666666667,-0.07109375,0.17083333333333334,-0.07421875,0.0125,-0.03671875,-0.018055555555555554,0.00546875,0.001388888888888889,0.0390625,0.030555555555555555,-0.0734375,0.175,-0.0765625,0.015277777777777777,-0.03984375,-0.015277777777777777,0.00078125,-0.001388888888888889,0.0375,0.030555555555555555,-0.0796875,0.21944444444444444,-0.075,0.018055555555555554,-0.03359375,-0.025,0.01328125,-0.006944444444444444,0.0484375,0.03333333333333333,-0.11171875,0.26666666666666666,-0.07421875,-0.022222222222222223,-0.0234375,-0.07916666666666666,0.0359375,-0.05694444444444444,0.08203125,0.006944444444444444,-0.1390625,0.3458333333333333,-0.10390625,-0.08611111111111111,-0.028125,-0.18611111111111112,0.0625,-0.1625,0.1375,-0.058333333333333334,-0.153125,0.31805555555555554,-0.1046875,-0.10277777777777777,-0.02734375,-0.19027777777777777,0.0640625,-0.16666666666666666,0.1390625,-0.058333333333333334
0,0.0,0.0,0.0484375,0.05694444444444444,-0.06953125,0.19305555555555556,-0.08515625,0.025,-0.05546875,-0.008333333333333333,-0.00859375,-0.001388888888888889,0.03671875,0.04861111111111111,-0.06953125,0.19305555555555556,-0.0828125,0.02361111111111111,-0.05234375,-0.008333333333333333,-0.00625,-0.002777777777777778,0.040625,0.05,-0.07109375,0.19166666666666668,-0.08671875,0.022222222222222223,-0.05546875,-0.009722222222222222,-0.00859375,-0.002777777777777778,0.034375,0.05138888888888889,-0.06640625,0.22361111111111112,-0.08359375,0.006944444444444444,-0.05234375,-0.025,-0.00625,-0.011111111111111112,0.04140625,0.030555555555555555,-0.1234375,0.4166666666666667,-0.09140625,-0.09583333333333334,-0.02578125,-0.18888888888888888,0.0609375,-0.18194444444444444,0.1421875,-0.075,-0.1375,0.39166666666666666,-0.0828125,-0.10555555555555556,-0.01875,-0.19444444444444445,0.0625,-0.18472222222222223,0.14453125,-0.075
0,0.0,0.0,0.0421875,0.059722222222222225,-0.090625,0.2013888888888889,-0.09453125,0.002777777777777778,-0.04765625,-0.016666666666666666,0.0,0.001388888888888889,0.0421875,0.059722222222222225,-0.08984375,0.19583333333333333,-0.08984375,0.0,-0.0421875,-0.019444444444444445,0.00390625,-0.001388888888888889,0.04453125,0.05555555555555555,-0.09375,0.20694444444444443,-0.08671875,-0.011111111111111112,-0.03828125,-0.03194444444444444,0.00859375,-0.011111111111111112,0.05,0.05,-0.10390625,0.2152777777777778,-0.08359375,-0.015277777777777777,-0.03359375,-0.04027777777777778,0.0171875,-0.016666666666666666,0.05859375,0.04722222222222222,-0.1046875,0.2388888888888889,-0.0765625,-0.018055555555555554,-0.02109375,-0.05416666666666667,0.0328125,-0.022222222222222223,0.075,0.05,-0.1609375,0.3472222222222222,-0.0859375,-0.075,0.00625,-0.1361111111111111,0.09453125,-0.08888888888888889,0.15078125,0.058333333333333334
0,0.0,0.0,0.03359375,0.10138888888888889,0.003125,0.14583333333333334,-0.05,0.041666666666666664,-0.03125,0.0,0.00078125,0.002777777777777778,0.03515625,0.10277777777777777,0.0,0.15833333333333333,-0.04921875,0.03888888888888889,-0.02734375,-0.004166666666666667,0.00625,-0.001388888888888889,0.03984375,0.08611111111111111,-0.00078125,0.26805555555555555,-0.0640625,0.020833333333333332,-0.02890625,-0.05416666666666667,0.02421875,-0.041666666666666664,0.07421875,0.04027777777777778,-0.0046875,0.3875,-0.08671875,-0.0125,-0.03828125,-0.12916666666666668,0.05390625,-0.12083333333333333,0.13515625,-0.025,-0.0125,0.4527777777777778,-0.12109375,-0.05138888888888889,-0.05234375,-0.2013888888888889,0.06640625,-0.20416666666666666,0.16640625,-0.08194444444444444,-0.0140625,0.4583333333333333,-0.125,-0.04583333333333333,-0.046875,-0.20277777777777778,0.0671875,-0.20416666666666666,0.16640625,-0.07916666666666666
0,0.0,0.0,0.03125,0.10416666666666667,-0.009375,0.175,-0.02421875,0.0125,-0.015625,-0.013888888888888888,0.0015625,-0.002777777777777778,0.03359375,0.09861111111111111,-0.01640625,0.18888888888888888,-0.03203125,0.015277777777777777,-0.021875,-0.015277777777777777,0.00078125,-0.004166666666666667,0.03359375,0.09444444444444444,-0.01875,0.19166666666666668,-0.03203125,0.016666666666666666,-0.02265625,-0.016666666666666666,0.0,-0.002777777777777778,0.0359375,0.09305555555555556,-0.0234375,0.1986111111111111,-0.03125,0.015277777777777777,-0.0203125,-0.015277777777777777,0.0015625,-0.004166666666666667,0.03984375,0.08611111111111111,-0.04296875,0.28194444444444444,-0.05703125,-0.001388888888888889,-0.03828125,-0.07222222222222222,0.009375,-0.06527777777777778,0.06484375,-0.013888888888888888,-0.0484375,0.3013888888888889,-0.0703125,-0.006944444444444444,-0.04140625,-0.10694444444444444,0.0140625,-0.11527777777777778,0.08203125,-0.034722222222222224
0,0.0,0.0,0.03984375,0.06666666666666667,-0.01484375,0.14444444444444443,-0.025,-0.02638888888888889,-0.01796875,-0.015277777777777777,0.0015625,0.0,0.03828125,0.06944444444444445,-0.01484375,0.1597222222222222,-0.025,-0.025,-0.0171875,-0.016666666666666666,0.003125,-0.009722222222222222,0.0421875,0.05694444444444444,-0.021875,0.22777777777777777,-0.0375,-0.027777777777777776,-0.01796875,-0.058333333333333334,0.01171875,-0.07222222222222222,0.059375,0.002777777777777778,-0.01875,0.25416666666666665,-0.040625,-0.02361111111111111,-0.0171875,-0.0625,0.0140625,-0.08888888888888889,0.0671875,-0.015277777777777777,-0.0109375,0.29444444444444445,-0.04765625,-0.05694444444444444,-0.0140625,-0.1527777777777778,0.0296875,-0.16805555555555557,0.0890625,-0.06111111111111111,-0.01640625,0.29305555555555557,-0.0484375,-0.06805555555555555,-0.01328125,-0.16666666666666666,0.03359375,-0.1763888888888889,0.09375,-0.06944444444444445
0,0.0,0.0,0.0109375,0.0875,-0.08671875,0.19166666666666668,-0.07734375,-0.011111111111111112,-0.03203125,-0.041666666666666664,0.003125,0.0,0.01796875,0.09027777777777778,-0.0828125,0.1986111111111111,-0.05859375,-0.013888888888888888,-0.015625,-0.04027777777777778,0.015625,0.008333333333333333,0.02890625,0.09583333333333334,-0.08203125,0.19583333333333333,-0.05703125,-0.018055555555555554,-0.01484375,-0.034722222222222224,0.01796875,0.008333333333333333,0.03515625,0.1,-0.09765625,0.2152777777777778,-0.0546875,-0.059722222222222225,0.00703125,-0.059722222222222225,0.03984375,-0.004166666666666667,0.0625,0.09305555555555556,-0.1109375,0.23472222222222222,-0.0515625,-0.07777777777777778,0.01328125,-0.08055555555555556,0.05,-0.030555555555555555,0.07421875,0.08055555555555556,-0.17265625,0.25972222222222224,-0.06484375,-0.12777777777777777,0.02265625,-0.15694444444444444,0.08125,-0.07777777777777778,0.1109375,0.07083333333333333
0,0.0,0.0,0.00859375,0.08888888888888889,-0.06484375,0.14166666666666666,-0.04296875,-0.04027777777777778,-0.00859375,-0.058333333333333334,0.0203125,-0.019444444444444445,0.0390625,0.06666666666666667,-0.06484375,0.15416666666666667,-0.0328125,-0.044444444444444446,0.0015625,-0.06944444444444445,0.03515625,-0.022222222222222223,0.05546875,0.06527777777777778,-0.06171875,0.16944444444444445,-0.0265625,-0.04722222222222222,0.01171875,-0.07083333333333333,0.04609375,-0.0375,0.06953125,0.0625,-0.084375,0.1986111111111111,-0.015625,-0.10277777777777777,0.03671875,-0.14305555555555555,0.090625,-0.08611111111111111,0.1171875,0.030555555555555555,-0.0953125,0.21388888888888888,-0.02109375,-0.11527777777777778,0.03671875,-0.15555555555555556,0.0890625,-0.10138888888888889,0.12578125,0.027777777777777776,-0.10625,0.2361111111111111,-0.0265625,-0.1375,0.040625,-0.1736111111111111,0.0984375,-0.12222222222222222,0.1375,0.025
0,0.0,0.0,0.01953125,0.07222222222222222,-0.065625,0.12777777777777777,-0.0640625,-0.030555555555555555,-0.0296875,-0.04861111111111111,0.003125,-0.006944444444444444,0.02421875,0.06527777777777778,-0.0703125,0.13055555555555556,-0.0640625,-0.034722222222222224,-0.028125,-0.05138888888888889,0.0046875,-0.008333333333333333,0.02578125,0.0625,-0.07109375,0.1361111111111111,-0.0625,-0.030555555555555555,-0.02578125,-0.05138888888888889,0.00859375,-0.0125,0.02890625,0.06111111111111111,-0.09921875,0.2,-0.046875,-0.058333333333333334,0.0046875,-0.08194444444444444,0.04765625,-0.03888888888888889,0.08125,0.05,-0.11328125,0.23333333333333334,-0.0421875,-0.06944444444444445,0.009375,-0.1,0.05546875,-0.05138888888888889,0.09296875,0.04722222222222222,-0.13359375,0.24861111111111112,-0.05703125,-0.11805555555555555,0.01484375,-0.15833333333333333,0.07734375,-0.10555555555555556,0.1203125,0.03194444444444444
0,0.0,0.0,0.028125,0.059722222222222225,-0.06875,0.1388888888888889,-0.06484375,-0.03194444444444444,-0.0203125,-0.044444444444444446,0.015625,-0.013888888888888888,0.04921875,0.044444444444444446,-0.07109375,0.14305555555555555,-0.0609375,-0.041666666666666664,-0.015625,-0.05138888888888889,0.021875,-0.019444444444444445,0.059375,0.041666666666666664,-0.0859375,0.18055555555555555,-0.05,-0.07222222222222222,0.003125,-0.09583333333333334,0.0453125,-0.05555555555555555,0.08671875,0.029166666666666667,-0.09296875,0.19166666666666668,-0.04609375,-0.08194444444444444,0.0046875,-0.10833333333333334,0.05234375,-0.06527777777777778,0.0953125,0.02638888888888889,-0.0984375,0.20277777777777778,-0.0453125,-0.09305555555555556,0.009375,-0.125,0.0609375,-0.07361111111111111,0.103125,0.029166666666666667,-0.121875,0.2611111111111111,-0.053125,-0.10972222222222222,0.02734375,-0.14444444444444443,0.08984375,-0.08611111111111111,0.13984375,0.04861111111111111
0,0.0,0.0,0.0203125,0.04861111111111111,-0.0640625,0.1361111111111111,-0.05859375,0.004166666666666667,-0.0296875,-0.030555555555555555,0.00625,-0.011111111111111112,0.03125,0.03888888888888889,-0.071875,0.1388888888888889,-0.059375,-0.002777777777777778,-0.028125,-0.03888888888888889,0.00625,-0.02361111111111111,0.0328125,0.030555555555555555,-0.07578125,0.14027777777777778,-0.06015625,-0.008333333333333333,-0.025,-0.04583333333333333,0.0109375,-0.030555555555555555,0.03828125,0.02638888888888889,-0.10390625,0.15694444444444444,-0.06640625,-0.04722222222222222,-0.02421875,-0.0875,0.0203125,-0.07083333333333333,0.05234375,-0.004166666666666667,-0.11328125,0.16944444444444445,-0.07109375,-0.06388888888888888,-0.0203125,-0.10694444444444444,0.03046875,-0.08611111111111111,0.0671875,-0.008333333333333333,-0.128125,0.18888888888888888,-0.0796875,-0.0875,-0.0140625,-0.1486111111111111,0.05703125,-0.125,0.10703125,-0.027777777777777776
0,0.0,0.0,0.0234375,0.10416666666666667,-0.1125,0.14305555555555555,-0.0796875,-0.0375,-0.03203125,-0.04861111111111111,0.0046875,0.002777777777777778,0.025,0.10555555555555556,-0.1015625,0.14444444444444443,-0.0671875,-0.034722222222222224,-0.01953125,-0.044444444444444446,0.01796875,0.002777777777777778,0.0375,0.10694444444444444,-0.10546875,0.15138888888888888,-0.0671875,-0.034722222222222224,-0.01953125,-0.04861111111111111,0.01953125,0.001388888888888889,0.0421875,0.10555555555555556,-0.14140625,0.17222222222222222,-0.05546875,-0.041666666666666664,0.00546875,-0.043055555555555555,0.04921875,0.011111111111111112,0.07421875,0.12222222222222222,-0.14453125,0.18333333333333332,-0.05234375,-0.04583333333333333,0.0125,-0.043055555555555555,0.059375,0.0125,0.084375,0.12916666666666668,-0.175,0.21805555555555556,-0.06328125,-0.1111111111111111,0.03046875,-0.11666666666666667,0.08984375,-0.03194444444444444,0.1125,0.1111111111111111
0,0.0,0.0,0.03046875,0.05694444444444444,-0.0703125,0.16805555555555557,-0.06171875,0.03333333333333333,-0.0328125,-0.009722222222222222,0.0015625,0.002777777777777778,0.0328125,0.05694444444444444,-0.07109375,0.16805555555555557,-0.0609375,0.034722222222222224,-0.0328125,-0.008333333333333333,0.00234375,0.002777777777777778,0.03359375,0.058333333333333334,-0.075,0.19027777777777777,-0.06015625,0.03333333333333333,-0.02734375,-0.006944444444444444,0.009375,0.005555555555555556,0.040625,0.0625,-0.07734375,0.1986111111111111,-0.0609375,0.03333333333333333,-0.02734375,-0.008333333333333333,0.0109375,0.001388888888888889,0.0421875,0.06666666666666667,-0.11484375,0.2625,-0.07265625,0.008333333333333333,-0.021875,-0.04722222222222222,0.03359375,-0.0375,0.08671875,0.041666666666666664,-0.11875,0.2708333333333333,-0.07578125,0.0,-0.02109375,-0.058333333333333334,0.040625,-0.043055555555555555,0.0953125,0.03888888888888889
0,0.0,0.0,0.028125,0.06388888888888888,-0.08671875,0.12916666666666668,-0.07890625,-0.019444444444444445,-0.0375,-0.03611111111111111,0.0,-0.001388888888888889,0.028125,0.06388888888888888,-0.084375,0.13333333333333333,-0.07578125,-0.025,-0.0359375,-0.0375,0.00390625,-0.001388888888888889,0.03203125,0.0625,-0.0859375,0.14166666666666666,-0.075,-0.02638888888888889,-0.03125,-0.04027777777777778,0.0078125,-0.004166666666666667,0.0359375,0.06111111111111111,-0.0875,0.15,-0.0734375,-0.027777777777777776,-0.02890625,-0.044444444444444446,0.0109375,-0.011111111111111112,0.0421875,0.058333333333333334,-0.12265625,0.20833333333333334,-0.0734375,-0.075,-0.00390625,-0.09722222222222222,0.05234375,-0.04861111111111111,0.09296875,0.058333333333333334,-0.13046875,0.2125,-0.07421875,-0.08611111111111111,-0.0015625,-0.1111111111111111,0.05703125,-0.05555555555555555,0.096875,0.058333333333333334
0,0.0,0.0,0.034375,0.05555555555555555,-0.0734375,0.18333333333333332,-0.06953125,0.04027777777777778,-0.03984375,-0.006944444444444444,-0.00078125,0.001388888888888889,0.034375,0.05555555555555555,-0.07421875,0.18333333333333332,-0.06875,0.04027777777777778,-0.03984375,-0.008333333333333333,0.0,0.001388888888888889,0.03359375,0.05555555555555555,-0.07421875,0.18333333333333332,-0.0703125,0.04027777777777778,-0.040625,-0.009722222222222222,0.00078125,-0.001388888888888889,0.03359375,0.05416666666666667,-0.0921875,0.20694444444444443,-0.078125,0.02638888888888889,-0.04296875,-0.022222222222222223,0.00078125,-0.013888888888888888,0.03671875,0.041666666666666664,-0.09765625,0.21666666666666667,-0.08046875,0.018055555555555554,-0.04375,-0.027777777777777776,0.00234375,-0.019444444444444445,0.03984375,0.043055555555555555,-0.12578125,0.25555555555555554,-0.0953125,-0.02361111111111111,-0.0484375,-0.09444444444444444,0.009375,-0.08194444444444444,0.05,-0.001388888888888889
0,0.0,0.0,0.034375,0.06527777777777778,-0.07109375,0.1986111111111111,-0.06875,0.02638888888888889,-0.0359375,-0.015277777777777777,0.0,-0.002777777777777778,0.03515625,0.0625,-0.071875,0.20277777777777778,-0.06953125,0.027777777777777776,-0.03671875,-0.013888888888888888,-0.00078125,-0.001388888888888889,0.034375,0.06527777777777778,-0.071875,0.20833333333333334,-0.06953125,0.02638888888888889,-0.0359375,-0.013888888888888888,0.00078125,-0.002777777777777778,0.03515625,0.06527777777777778,-0.08359375,0.24722222222222223,-0.07578125,0.015277777777777777,-0.03828125,-0.02361111111111111,0.0046875,-0.013888888888888888,0.04375,0.05555555555555555,-0.08359375,0.24861111111111112,-0.07421875,0.015277777777777777,-0.03828125,-0.02361111111111111,0.0046875,-0.0125,0.04453125,0.05694444444444444,-0.0859375,0.25833333333333336,-0.075,0.011111111111111112,-0.03671875,-0.029166666666666667,0.00859375,-0.019444444444444445,0.05234375,0.04861111111111111
0,0.0,0.0,0.01796875,0.05416666666666667,-0.0625,0.13055555555555556,-0.05390625,-0.002777777777777778,-0.02421875,-0.020833333333333332,0.00390625,0.001388888888888889,0.02109375,0.04722222222222222,-0.0625,0.13472222222222222,-0.0546875,-0.001388888888888889,-0.0234375,-0.022222222222222223,0.00625,0.004166666666666667,0.025,0.059722222222222225,-0.065625,0.13333333333333333,-0.05546875,-0.002777777777777778,-0.02421875,-0.02361111111111111,0.0078125,0.001388888888888889,0.02578125,0.059722222222222225,-0.071875,0.14305555555555555,-0.059375,-0.004166666666666667,-0.02421875,-0.02361111111111111,0.00859375,0.001388888888888889,0.0265625,0.058333333333333334,-0.0953125,0.18472222222222223,-0.06015625,-0.004166666666666667,-0.02109375,-0.015277777777777777,0.0203125,0.015277777777777777,0.05,0.07083333333333333,-0.1078125,0.1986111111111111,-0.0609375,-0.008333333333333333,-0.01796875,-0.019444444444444445,0.02734375,0.008333333333333333,0.0625,0.06805555555555555
0,0.0,0.0,0.0203125,0.05,-0.05,0.08055555555555556,-0.046875,-0.02638888888888889,-0.01875,-0.04583333333333333,0.003125,-0.0125,0.01953125,0.03611111111111111,-0.053125,0.08194444444444444,-0.04609375,-0.03888888888888889,-0.01875,-0.04861111111111111,0.003125,-0.018055555555555554,0.0234375,0.03888888888888889,-0.0546875,0.08472222222222223,-0.04296875,-0.044444444444444446,-0.01640625,-0.059722222222222225,0.00625,-0.02638888888888889,0.025,0.03611111111111111,-0.06875,0.10972222222222222,-0.04296875,-0.07083333333333333,-0.0046875,-0.10555555555555556,0.0328125,-0.06666666666666667,0.059375,0.006944444444444444,-0.07265625,0.1111111111111111,-0.04375,-0.08611111111111111,-0.00234375,-0.11805555555555555,0.0390625,-0.08333333333333333,0.06875,0.0,-0.0765625,0.1125,-0.0453125,-0.09583333333333334,-0.003125,-0.13472222222222222,0.04375,-0.09722222222222222,0.08046875,-0.011111111111111112
0,0.0,0.0,0.028125,0.05138888888888889,-0.065625,0.10416666666666667,-0.06328125,-0.020833333333333332,-0.03046875,-0.030555555555555555,-0.00078125,-0.006944444444444444,0.02734375,0.044444444444444446,-0.0671875,0.10416666666666667,-0.0640625,-0.027777777777777776,-0.03203125,-0.04722222222222222,-0.00234375,-0.029166666666666667,0.02734375,0.020833333333333332,-0.07109375,0.1,-0.06328125,-0.03333333333333333,-0.03046875,-0.059722222222222225,0.00078125,-0.03611111111111111,0.03203125,0.018055555555555554,-0.08984375,0.11944444444444445,-0.06640625,-0.0625,-0.02578125,-0.09861111111111111,0.015625,-0.075,0.05234375,-0.009722222222222222,-0.0953125,0.13194444444444445,-0.06953125,-0.08194444444444444,-0.025,-0.12083333333333333,0.02421875,-0.09444444444444444,0.065625,-0.019444444444444445,-0.10703125,0.14722222222222223,-0.07265625,-0.09722222222222222,-0.02265625,-0.1388888888888889,0.03203125,-0.10833333333333334,0.07734375,-0.02638888888888889
0,0.0,0.0,0.03359375,0.05416666666666667,-0.1,0.17083333333333334,-0.07734375,0.011111111111111112,-0.040625,-0.015277777777777777,0.0,0.002777777777777778,0.03359375,0.05416666666666667,-0.1203125,0.18888888888888888,-0.07890625,-0.0125,-0.0359375,-0.043055555555555555,0.01015625,-0.019444444444444445,0.046875,0.0375,-0.12734375,0.19583333333333333,-0.08203125,-0.029166666666666667,-0.0328125,-0.05694444444444444,0.0171875,-0.03333333333333333,0.059375,0.030555555555555555,-0.146875,0.2569444444444444,-0.09609375,-0.07083333333333333,-0.0265625,-0.12916666666666668,0.04453125,-0.10138888888888889,0.10234375,-0.006944444444444444,-0.153125,0.2625,-0.09765625,-0.07222222222222222,-0.025,-0.14166666666666666,0.0515625,-0.10972222222222222,0.109375,-0.006944444444444444,-0.15703125,0.26944444444444443,-0.0953125,-0.07361111111111111,-0.02109375,-0.14027777777777778,0.05546875,-0.1111111111111111,0.11640625,-0.008333333333333333
0,0.0,0.0,0.03359375,0.05694444444444444,-0.06171875,0.17777777777777778,-0.0734375,0.018055555555555554,-0.03203125,-0.005555555555555556,0.0046875,0.022222222222222223,0.03671875,0.07777777777777778,-0.06796875,0.19722222222222222,-0.06953125,0.030555555555555555,-0.02578125,0.001388888888888889,0.01171875,0.029166666666666667,0.0453125,0.09027777777777778,-0.0703125,0.20972222222222223,-0.06875,0.03194444444444444,-0.025,0.004166666666666667,0.0125,0.03194444444444444,0.046875,0.09861111111111111,-0.0875,0.28055555555555556,-0.0640625,0.03333333333333333,-0.0125,-0.011111111111111112,0.0421875,0.025,0.08046875,0.1111111111111111,-0.10546875,0.3055555555555556,-0.0609375,0.018055555555555554,-0.00859375,-0.029166666666666667,0.0546875,0.002777777777777778,0.10078125,0.08611111111111111,-0.125,0.32916666666666666,-0.07578125,-0.034722222222222224,-0.00390625,-0.10833333333333334,0.078125,-0.059722222222222225,0.1296875,0.05277777777777778
0,0.0,0.0,0.0625,0.10972222222222222,-0.178125,0.35138888888888886,-0.1640625,-0.001388888888888889,-0.07578125,-0.029166666666666667,0.00390625,0.0,0.0640625,0.10694444444444444,-0.1765625,0.35,-0.16328125,0.002777777777777778,-0.07578125,-0.029166666666666667,0.0046875,0.0,0.06484375,0.10833333333333334,-0.178125,0.3486111111111111,-0.159375,0.009722222222222222,-0.07734375,-0.016666666666666666,0.0015625,0.002777777777777778,0.06484375,0.1111111111111111,-0.17421875,0.34444444444444444,-0.1578125,0.019444444444444445,-0.07890625,-0.015277777777777777,0.003125,0.006944444444444444,0.06171875,0.11388888888888889,-0.17265625,0.34444444444444444,-0.15625,0.020833333333333332,-0.08046875,-0.016666666666666666,0.0,-0.001388888888888889,0.06171875,0.1125,-0.18671875,0.3388888888888889,-0.165625,-0.005555555555555556,-0.08125,-0.06111111111111111,0.00078125,-0.04027777777777778,0.06796875,0.07916666666666666
0,0.0,0.0,0.025,0.05138888888888889,-0.0859375,0.15555555555555556,-0.06640625,0.013888888888888888,-0.03359375,-0.016666666666666666,-0.0015625,-0.002777777777777778,0.02578125,0.05,-0.08984375,0.18194444444444444,-0.0640625,-0.002777777777777778,-0.0234375,-0.0375,0.015625,-0.018055555555555554,0.04296875,0.044444444444444446,-0.0921875,0.17916666666666667,-0.0625,-0.005555555555555556,-0.0203125,-0.03888888888888889,0.01875,-0.018055555555555554,0.04609375,0.04583333333333333,-0.11875,0.21805555555555556,-0.0703125,-0.03888888888888889,-0.0046875,-0.08194444444444444,0.05703125,-0.05277777777777778,0.10625,0.034722222222222224,-0.12578125,0.23055555555555557,-0.0734375,-0.03888888888888889,0.0,-0.08333333333333333,0.06953125,-0.05694444444444444,0.12265625,0.03611111111111111,-0.1515625,0.24583333333333332,-0.06875,-0.03888888888888889,0.00859375,-0.08333333333333333,0.07890625,-0.05416666666666667,0.13671875,0.041666666666666664
0,0.0,0.0,0.0203125,0.041666666666666664,-0.09296875,0.12916666666666668,-0.046875,0.011111111111111112,-0.02421875,-0.020833333333333332,0.00546875,-0.009722222222222222,0.02734375,0.03333333333333333,-0.0953125,0.1361111111111111,-0.046875,0.009722222222222222,-0.021875,-0.02361111111111111,0.00703125,-0.0125,0.0296875,0.030555555555555555,-0.09921875,0.14166666666666666,-0.04609375,0.004166666666666667,-0.01796875,-0.027777777777777776,0.0140625,-0.015277777777777777,0.03515625,0.034722222222222224,-0.11796875,0.16111111111111112,-0.0484375,-0.015277777777777777,-0.01171875,-0.04583333333333333,0.03359375,-0.03333333333333333,0.06953125,0.018055555555555554,-0.1171875,0.16111111111111112,-0.0484375,-0.013888888888888888,-0.0109375,-0.04583333333333333,0.0328125,-0.03333333333333333,0.06875,0.018055555555555554,-0.12578125,0.17222222222222222,-0.0578125,-0.020833333333333332,-0.00703125,-0.059722222222222225,0.04609375,-0.04722222222222222,0.09453125,0.020833333333333332
0,0.0,0.0,0.02890625,0.04722222222222222,-0.09140625,0.13055555555555556,-0.07109375,-0.008333333333333333,-0.0375,-0.03194444444444444,0.003125,-0.005555555555555556,0.0328125,0.044444444444444446,-0.090625,0.13333333333333333,-0.07109375,-0.009722222222222222,-0.0390625,-0.03333333333333333,0.0015625,-0.005555555555555556,0.0328125,0.043055555555555555,-0.10234375,0.14444444444444443,-0.07265625,-0.019444444444444445,-0.0375,-0.04861111111111111,0.00703125,-0.025,0.04296875,0.03611111111111111,-0.12109375,0.15416666666666667,-0.078125,-0.05277777777777778,-0.0375,-0.08472222222222223,0.01875,-0.05694444444444444,0.0578125,0.022222222222222223,-0.13125,0.15694444444444444,-0.084375,-0.075,-0.03515625,-0.1111111111111111,0.02578125,-0.08333333333333333,0.0671875,0.005555555555555556,-0.159375,0.19722222222222222,-0.10546875,-0.09583333333333334,-0.034375,-0.15,0.04453125,-0.11805555555555555,0.09453125,-0.0125
0,0.0,0.0,-0.00078125,-0.12361111111111112,0.0265625,-0.1625,0.0640625,-0.15416666666666667,0.09375,-0.10138888888888889,-0.48203125,-0.3888888888888889,-0.48203125,-0.3888888888888889,-0.01875,-0.005555555555555556,-0.0109375,-0.14722222222222223,0.0140625,-0.19305555555555556,0.053125,-0.19444444444444445,0.0890625,-0.15,-0.02421875,0.0,-0.01171875,-0.1527777777777778,0.0140625,-0.1986111111111111,0.05703125,-0.19722222222222222,0.09453125,-0.15555555555555556,-0.02578125,0.009722222222222222,-0.01484375,-0.1625,0.01953125,-0.20972222222222223,0.06171875,-0.20833333333333334,0.1015625,-0.15833333333333333,-0.0453125,0.02361111111111111,-0.01953125,-0.19583333333333333,0.02109375,-0.25277777777777777,0.0734375,-0.24722222222222223,0.12265625,-0.18888888888888888,-0.0734375,0.08333333333333333,-0.03046875,-0.2263888888888889,0.03828125,-0.29583333333333334,0.11328125,-0.2861111111111111,0.16640625,-0.2013888888888889
0,0.0,0.0,0.02734375,0.08888888888888889,-0.08515625,0.1986111111111111,-0.07734375,0.004166666666666667,-0.034375,-0.029166666666666667,0.00546875,0.002777777777777778,0.0359375,0.09444444444444444,-0.0890625,0.20416666666666666,-0.07578125,0.004166666666666667,-0.03515625,-0.030555555555555555,0.0078125,0.006944444444444444,0.03828125,0.09166666666666666,-0.084375,0.20416666666666666,-0.0734375,0.002777777777777778,-0.03046875,-0.03194444444444444,0.01171875,0.002777777777777778,0.04296875,0.09166666666666666,-0.0890625,0.23194444444444445,-0.06484375,-0.018055555555555554,-0.01875,-0.0375,0.02890625,-0.002777777777777778,0.0609375,0.09305555555555556,-0.103125,0.24305555555555555,-0.0671875,-0.044444444444444446,-0.015625,-0.06527777777777778,0.0390625,-0.020833333333333332,0.08125,0.08333333333333333,-0.103125,0.24444444444444444,-0.0671875,-0.05416666666666667,-0.0125,-0.0763888888888889,0.0453125,-0.029166666666666667,0.0890625,0.08055555555555556
0,0.0,0.0,0.02109375,0.04861111111111111,-0.06484375,0.11527777777777778,-0.0609375,-0.001388888888888889,-0.03125,-0.022222222222222223,-0.00234375,0.001388888888888889,0.01953125,0.04861111111111111,-0.0703125,0.1125,-0.0640625,-0.004166666666666667,-0.0375,-0.02361111111111111,-0.0078125,0.0,0.0109375,0.05138888888888889,-0.07421875,0.11527777777777778,-0.06640625,-0.009722222222222222,-0.0375,-0.029166666666666667,-0.00703125,-0.006944444444444444,0.0140625,0.044444444444444446,-0.09453125,0.1388888888888889,-0.0765625,-0.08333333333333333,-0.0359375,-0.11388888888888889,0.01015625,-0.08888888888888889,0.04140625,-0.004166666666666667,-0.1171875,0.1597222222222222,-0.084375,-0.10972222222222222,-0.034375,-0.15138888888888888,0.015625,-0.11944444444444445,0.0515625,-0.022222222222222223,-0.1234375,0.17222222222222222,-0.0859375,-0.11944444444444445,-0.03359375,-0.1638888888888889,0.02265625,-0.125,0.059375,-0.029166666666666667
1,0.0,0.0,-0.0125,-0.2708333333333333,0.04765625,-0.3388888888888889,0.11640625,-0.3263888888888889,0.18046875,-0.2375,-0.25390625,0.034722222222222224,-0.28125,-0.28055555555555556,-0.3609375,-0.3416666666666667,-0.4390625,-0.31527777777777777,-0.51171875,-0.175,-0.00078125,-0.004166666666666667,-0.01171875,-0.27361111111111114,0.0484375,-0.34305555555555556,0.1171875,-0.3277777777777778,0.18046875,-0.24027777777777778,-0.25390625,0.03194444444444444,-0.28359375,-0.2777777777777778,-0.3609375,-0.3402777777777778,-0.4375,-0.3138888888888889,-0.51328125,-0.175,-0.00078125,-0.002777777777777778,-0.01171875,-0.27361111111111114,0.05,-0.34305555555555556,0.11796875,-0.33055555555555555,0.18359375,-0.24166666666666667,-0.028125,0.07083333333333333,-0.00546875,-0.05416666666666667,0.0203125,-0.05277777777777778,0.05859375,-0.04027777777777778,0.1,-0.015277777777777777,-0.66015625,-0.6180555555555556,-0.66015625,-0.6180555555555556
1,0.0,0.0,0.06015625,-0.06805555555555555,0.12890625,-0.05555555555555555,0.19296875,0.03333333333333333,-0.24140625,0.3055555555555556,-0.26875,-0.009722222222222222,-0.3484375,-0.07083333333333333,-0.4265625,-0.044444444444444446,-0.49921875,0.09583333333333334,0.01171875,0.26666666666666666,0.00078125,-0.002777777777777778,0.0609375,-0.07222222222222222,0.1296875,-0.05694444444444444,0.19296875,0.030555555555555555,-0.24140625,0.30277777777777776,-0.27109375,-0.006944444444444444,-0.3484375,-0.06944444444444445,-0.425,-0.043055555555555555,-0.50078125,0.09583333333333334,0.01171875,0.26805555555555555,0.00078125,-0.002777777777777778,0.0625,-0.07222222222222222,0.13046875,-0.059722222222222225,0.19609375,0.029166666666666667,-0.015625,0.3416666666666667,0.00703125,0.21666666666666667,0.0328125,0.21805555555555556,0.07109375,0.23055555555555557,0.1125,0.25555555555555554,-0.64765625,-0.3472222222222222,-0.64765625,-0.3472222222222222,0.0140625,0.6513888888888889
1,0.0,0.0,0.04296875,0.05555555555555555,-0.29296875,0.44722222222222224,-0.340625,0.2708333333333333,-0.403125,0.2722222222222222,-0.4515625,0.2986111111111111,-0.49296875,0.41805555555555557,-0.1453125,0.18333333333333332,-0.10390625,0.02361111111111111,-0.04921875,-0.016666666666666666,0.00078125,-0.001388888888888889,0.0421875,0.05555555555555555,-0.2921875,0.44722222222222224,-0.340625,0.2722222222222222,-0.40234375,0.2722222222222222,-0.4515625,0.2986111111111111,-0.49375,0.41805555555555557,-0.140625,0.2263888888888889,-0.109375,0.06111111111111111,-0.06328125,0.025,-0.0203125,0.044444444444444446,0.02578125,0.09444444444444444,-0.13671875,0.30833333333333335,-0.1125,0.15,-0.07734375,0.11805555555555555,-0.0421875,0.12638888888888888,0.0078125,0.15555555555555556,-0.1296875,0.3736111111111111,-0.11015625,0.25555555555555554,-0.08359375,0.22777777777777777,-0.04296875,0.2513888888888889,0.01171875,0.25416666666666665
1,0.0,0.0,-0.07265625,0.12777777777777777,0.3265625,0.2652777777777778,0.43984375,0.07222222222222222,0.52421875,0.07222222222222222,0.590625,0.14583333333333334,0.63046875,0.2875,0.20078125,0.24583333333333332,0.13984375,0.016666666666666666,0.06953125,-0.03194444444444444,-0.0015625,-0.001388888888888889,-0.0734375,0.13055555555555556,0.3296875,0.26944444444444443,0.43125,0.08055555555555556,0.515625,0.06805555555555555,0.58125,0.14583333333333334,0.6171875,0.28194444444444444,0.19296875,0.24305555555555555,0.1359375,0.02361111111111111,0.06875,-0.025,-0.0015625,0.006944444444444444,-0.06171875,0.14444444444444443,0.33125,0.3236111111111111,0.4265625,0.10694444444444444,0.4859375,0.11388888888888889,0.5453125,0.18333333333333332,0.578125,0.30277777777777776,0.328125,0.32083333333333336,0.4234375,0.10694444444444444,0.4859375,0.11527777777777778,0.5453125,0.18333333333333332,0.57421875,0.3055555555555556
